{"text": "\u60a8\u597d,\u6211\u662f\u8054\u5408\u901a\u5feb\u9012\u516c\u53f8\u7684\u5ba2\u6237\u4ee3\u8868,\u60f3\u56de\u8bbf\u4e00\u4e0b\u60a8\u7684\u4f1a\u8ba1\u662f\u4ece\u5e7f\u5dde\u5e02\u53c2\u4e0e\u533a\u5bc4\u8fc7\u6765\u76844\u516c\u65a4\u6570\u7801\u67e5\u8be2,\u627e\u5230\u4e86\u5417,\u5f6d\u5148\u751f?\u6536\u5230\u4e86,\u6536\u5230\u4e86\u60a8\u597d,\u60a8\u597d,\u60a8\u597d,\u60a8\u597d\u3002", "segments": [{"id": 1, "seek": 0, "start": 0.0, "end": 23.0, "text": "\u60a8\u597d,\u6211\u662f\u8054\u5408\u901a\u5feb\u9012\u516c\u53f8\u7684\u5ba2\u6237\u4ee3\u8868,\u60f3\u56de\u8bbf\u4e00\u4e0b\u60a8\u7684\u4f1a\u8ba1\u662f\u4ece\u5e7f\u5dde\u5e02\u53c2\u4e0e\u533a\u5bc4\u8fc7\u6765\u76844\u516c\u65a4\u6570\u7801\u67e5\u8be2,\u627e\u5230\u4e86\u5417,\u5f6d\u5148\u751f?", "tokens": [50364, 23414, 2131, 11, 15914, 8171, 242, 14245, 19550, 10251, 2215, 240, 13545, 32981, 1546, 32316, 1486, 115, 19105, 17571, 11, 7093, 8350, 7422, 123, 8861, 23414, 1546, 12949, 7422, 94, 1541, 35630, 3509, 123, 46974, 27261, 2129, 224, 940, 236, 9937, 118, 4510, 226, 16866, 6912, 1546, 19, 13545, 4307, 97, 33188, 23230, 223, 42623, 5233, 95, 11, 25085, 21381, 14769, 11, 7391, 255, 33083, 30, 51514], "avg_logprob": -0.4145068781716483, "compression_ratio": 1.09375, "no_speech_prob": 0.37535279989242554, "words": null, "temperature": 0.0}, {"id": 2, "seek": 0, "start": 23.0, "end": 26.0, "text": "\u6536\u5230\u4e86,\u6536\u5230\u4e86", "tokens": [51514, 18681, 21381, 11, 18681, 21381, 51664], "avg_logprob": -0.4145068781716483, "compression_ratio": 1.09375, "no_speech_prob": 0.37535279989242554, "words": null, "temperature": 0.0}, {"id": 3, "seek": 2600, "start": 26.0, "end": 28.0, "text": "\u60a8\u597d,\u60a8\u597d,\u60a8\u597d,\u60a8\u597d\u3002", "tokens": [50364, 23414, 2131, 11, 23414, 2131, 11, 23414, 2131, 11, 23414, 2131, 1543, 50464], "avg_logprob": -0.8548365990320842, "compression_ratio": 1.4285714285714286, "no_speech_prob": 0.8317988514900208, "words": null, "temperature": 0.0}], "language": "zh"}